Workbook
Name SlicerCache_Table_1_Col_2: #N/A
Name SlicerCache_Table_1_Col_5: #N/A
Name SlicerCache_Table_1_Col_7: #N/A

Sheet uber_cleaned_data
A1: dispatching_base_number | B1: date | C1: active_vehicles | D1: trips | E1: month | F1: day | G1: weekday | J1: Month | K1: Total Trips | M1: Weekday | N1: Total Trips
A2: B02512 | B2: 42005 | C2: 190 | D2: 1132 | E2: 1 | F2: 1 | G2: Thursday | J2: {=UNIQUE(E2:E1000)} -> 1 | K2: =SUMIF(E:E, J2, D:D) -> 1908649 | M2: Monday | N2: =SUMIF($G:$G, M2, $D:$D) -> 463799
A3: B02765 | B3: 42005 | C3: 225 | D3: 1765 | E3: 1 | F3: 1 | G3: Thursday | J3: 2 | K3: =SUMIF(E:E, J3, D:D) -> 2221581 | M3: Tuesday | N3: =SUMIF($G:$G, M3, $D:$D) -> 483061
A4: B02764 | B4: 42005 | C4: 3427 | D4: 29421 | E4: 1 | F4: 1 | G4: Thursday | M4: Wednesday | N4: =SUMIF($G:$G, M4, $D:$D) -> 531263
A5: B02682 | B5: 42005 | C5: 945 | D5: 7679 | E5: 1 | F5: 1 | G5: Thursday | M5: Thursday | N5: =SUMIF($G:$G, M5, $D:$D) -> 665647
A6: B02617 | B6: 42005 | C6: 1228 | D6: 9537 | E6: 1 | F6: 1 | G6: Thursday | M6: Friday | N6: =SUMIF($G:$G, M6, $D:$D) -> 711192
A7: B02598 | B7: 42005 | C7: 870 | D7: 6903 | E7: 1 | F7: 1 | G7: Thursday | M7: Saturday | N7: =SUMIF($G:$G, M7, $D:$D) -> 751325
A8: B02598 | B8: 42006 | C8: 785 | D8: 4768 | E8: 1 | F8: 2 | G8: Friday | M8: Sunday | N8: =SUMIF($G:$G, M8, $D:$D) -> 523943
A9: B02617 | B9: 42006 | C9: 1137 | D9: 7065 | E9: 1 | F9: 2 | G9: Friday
A10: B02512 | B10: 42006 | C10: 175 | D10: 875 | E10: 1 | F10: 2 | G10: Friday
A11: B02682 | B11: 42006 | C11: 890 | D11: 5506 | E11: 1 | F11: 2 | G11: Friday
A12: B02765 | B12: 42006 | C12: 196 | D12: 1001 | E12: 1 | F12: 2 | G12: Friday
A13: B02764 | B13: 42006 | C13: 3147 | D13: 19974 | E13: 1 | F13: 2 | G13: Friday
A14: B02765 | B14: 42007 | C14: 201 | D14: 1526 | E14: 1 | F14: 3 | G14: Saturday
A15: B02617 | B15: 42007 | C15: 1188 | D15: 10664 | E15: 1 | F15: 3 | G15: Saturday
A16: B02598 | B16: 42007 | C16: 818 | D16: 7432 | E16: 1 | F16: 3 | G16: Saturday
A17: B02682 | B17: 42007 | C17: 915 | D17: 8010 | E17: 1 | F17: 3 | G17: Saturday
A18: B02512 | B18: 42007 | C18: 173 | D18: 1088 | E18: 1 | F18: 3 | G18: Saturday
A19: B02764 | B19: 42007 | C19: 3215 | D19: 29729 | E19: 1 | F19: 3 | G19: Saturday
A20: B02512 | B20: 42008 | C20: 147 | D20: 791 | E20: 1 | F20: 4 | G20: Sunday
... A277: B02598 | B277: 42050 | C277: 1003 | D277: 11517 | E277: 2 | F277: 15 | G277: Sunday
A278: B02598 | B278: 42051 | C278: 934 | D278: 9052 | E278: 2 | F278: 16 | G278: Monday | K278: =SUMIF(E:E, J278, D:D) -> 0
A279: B02512 | B279: 42051 | C279: 207 | D279: 1576 | E279: 2 | F279: 16 | G279: Monday | K279: =SUMIF(E:E, J279, D:D) -> 0
A280: B02617 | B280: 42051 | C280: 1214 | D280: 11824 | E280: 2 | F280: 16 | G280: Monday | K280: =SUMIF(E:E, J280, D:D) -> 0
A281: B02764 | B281: 42051 | C281: 3524 | D281: 33448 | E281: 2 | F281: 16 | G281: Monday | K281: =SUMIF(E:E, J281, D:D) -> 0
A282: B02682 | B282: 42051 | C282: 1164 | D282: 11323 | E282: 2 | F282: 16 | G282: Monday | K282: =SUMIF(E:E, J282, D:D) -> 0
A283: B02765 | B283: 42051 | C283: 508 | D283: 4875 | E283: 2 | F283: 16 | G283: Monday | K283: =SUMIF(E:E, J283, D:D) -> 0
A284: B02764 | B284: 42052 | C284: 3826 | D284: 32473 | E284: 2 | F284: 17 | G284: Tuesday | K284: =SUMIF(E:E, J284, D:D) -> 0
A285: B02512 | B285: 42052 | C285: 241 | D285: 1797 | E285: 2 | F285: 17 | G285: Tuesday | K285: =SUMIF(E:E, J285, D:D) -> 0
A286: B02682 | B286: 42052 | C286: 1314 | D286: 11887 | E286: 2 | F286: 17 | G286: Tuesday | K286: =SUMIF(E:E, J286, D:D) -> 0
A287: B02617 | B287: 42052 | C287: 1378 | D287: 12524 | E287: 2 | F287: 17 | G287: Tuesday | K287: =SUMIF(E:E, J287, D:D) -> 0
A288: B02598 | B288: 42052 | C288: 1066 | D288: 9463 | E288: 2 | F288: 17 | G288: Tuesday | K288: =SUMIF(E:E, J288, D:D) -> 0
A289: B02765 | B289: 42052 | C289: 578 | D289: 4907 | E289: 2 | F289: 17 | G289: Tuesday | K289: =SUMIF(E:E, J289, D:D) -> 0
... A354: B02512 | B354: 42063 | C354: 230 | D354: 1803 | E354: 2 | F354: 28 | G354: Saturday | K354: =SUMIF(E:E, J354, D:D) -> 0
A355: B02765 | B355: 42063 | C355: 747 | D355: 7753 | E355: 2 | F355: 28 | G355: Saturday

Sheet Dahboard
F1: Uber Trip Analysis Dashboard
B6: Total Trips | C6: Busiest day | D6: Trips on Busiest Day
B7: =SUM(uber_cleaned_data!D:D) -> 4130230 | C7: {=INDEX(uber_cleaned_data!B:B, MATCH(MAX(uber_cleaned_data!D:D),uber_cleaned_data!D:D, 0))} -> 42049 | D7: =MAX(uber_cleaned_data!D:D) -> 45858
B9: Least Busy Day | D9: Trips on Least Busy Day
B10: {=INDEX(uber_cleaned_data!B:B, MATCH(MIN(uber_cleaned_data!D:D),uber_cleaned_data!D:D, 0))} -> 42031 | D10: =MIN(uber_cleaned_data!D:D) -> 629
B12: Busiest Weekday | D12: Trips on Busiest Weekday
B13: {=INDEX(uber_cleaned_data!G:G, MATCH(MAX(uber_cleaned_data!D:D), uber_cleaned_data!D:D, 0))} -> Saturday | D13: =MAX(uber_cleaned_data!N:N) -> 751325
B15: Least Busy Weekday | D15: Trips on Least Busy Weekday
B16: {=INDEX(uber_cleaned_data!M:M, MATCH(MIN(uber_cleaned_data!N:N), uber_cleaned_data!N:N, 0))} -> Monday | D16: =MIN(uber_cleaned_data!N:N) -> 463799
